id_cliente,nome_contato,chave_pix
1,Ana Souza,ana.souza@email.com
1,Carlos Pereira,11988887777
1,José Almeida,jose.almeida@email.com
1,Mariana Costa,22233344455
1,Bruno Silva,11999996666
1,Fernanda Lima,fernanda.lima@email.com
1,Rodrigo Alves,11977778888
1,Patrícia Gomes,patricia.gomes@email.com
1,Camila Rocha,5f2a1c3d-9e4b-4a2f-8c1d-7b6a5e4d3c2b
1,Thiago Nunes,11966665555
1,Juliana Martins,juliana.martins@email.com
1,Eduardo Santos,eduardo.santos@email.com
1,Beatriz Rocha,beatriz.rocha@email.com
1,Leonardo Fortini,leo.fortini@email.com
1,Camila Torres,camila.torres@email.com
1,Lorena Ferrigno,lorena.f@email.com
1,Rhuan Pacheco,rhuan.pacheco@email.com
1,Diego Oliveira,diego.oliveira@email.com
1,Lucca Anderson,45612357865
1,Fabio Pena Vieira,11977770001
1,Guilherme Pacheco,11999991234
1,Fabio Pena,fabiopena@email.com
1,Maurício Bertuci,mauricio.bertuci@email.com
